nome,telefone_e164,link_whatsapp,mensagem,enviado_em
Eric Nascimento da Silva,5511960817672,https://wa.me/5511960817672?text=Oi%2C%20Eric%21%20Tudo%20bem%3F%0A%0APassando%20pra%20fechar%20a%20pend%C3%AAncia%20do%20seu%20%2ACorta-vento%20G26%2A%3A%20o%20pagamento%20ficou%20como%20%2APix%20em%202x%2A%20e%20a%20%2A2%C2%AA%20parcela%20ainda%20est%C3%A1%20em%20aberto%2A%20por%20aqui.%0A%0A%F0%9F%94%91%20Chave%20Pix%3A%20%2Aa%20definir%2A%0A%F0%9F%92%B0%20Valor%20total%20do%20pedido%3A%20R%24%20185%2C00%0A%F0%9F%93%85%20Prazo%3A%20at%C3%A9%20%2Asexta-feira%2A%0A%0AAssim%20que%20pagar%2C%20manda%20o%20comprovante%20nesta%20conversa%20que%20eu%20dou%20baixa%20na%20hora%20%E2%9C%85%0A%0ASe%20voc%C3%AA%20j%C3%A1%20pagou%20e%20a%20baixa%20n%C3%A3o%20apareceu%2C%20me%20manda%20o%20comprovante%20mesmo%20assim%20que%20eu%20acerto%20aqui%20%E2%80%94%20pode%20ter%20passado%20batido.%0A%0AQualquer%20coisa%2C%20chama%20o%20Gabriel%20Dias%3A%20https%3A//wa.link/ld5syp%0AEquipe%20LAAUSP,"Oi, Eric! Tudo bem?

Passando pra fechar a pendência do seu *Corta-vento G26*: o pagamento ficou como *Pix em 2x* e a *2ª parcela ainda está em aberto* por aqui.

🔑 Chave Pix: *a definir*
💰 Valor total do pedido: R$ 185,00
📅 Prazo: até *sexta-feira*

Assim que pagar, manda o comprovante nesta conversa que eu dou baixa na hora ✅

Se você já pagou e a baixa não apareceu, me manda o comprovante mesmo assim que eu acerto aqui — pode ter passado batido.

Qualquer coisa, chama o Gabriel Dias: https://wa.link/ld5syp
Equipe LAAUSP",
Diogo Spinelli,5511988849619,https://wa.me/5511988849619?text=Oi%2C%20Diogo%21%20Tudo%20bem%3F%0A%0APassando%20pra%20fechar%20a%20pend%C3%AAncia%20do%20seu%20%2ACorta-vento%20G26%2A%3A%20o%20pagamento%20ficou%20como%20%2APix%20em%202x%2A%20e%20a%20%2A2%C2%AA%20parcela%20ainda%20est%C3%A1%20em%20aberto%2A%20por%20aqui.%0A%0A%F0%9F%94%91%20Chave%20Pix%3A%20%2Aa%20definir%2A%0A%F0%9F%92%B0%20Valor%20total%20do%20pedido%3A%20R%24%20185%2C00%0A%F0%9F%93%85%20Prazo%3A%20at%C3%A9%20%2Asexta-feira%2A%0A%0AAssim%20que%20pagar%2C%20manda%20o%20comprovante%20nesta%20conversa%20que%20eu%20dou%20baixa%20na%20hora%20%E2%9C%85%0A%0ASe%20voc%C3%AA%20j%C3%A1%20pagou%20e%20a%20baixa%20n%C3%A3o%20apareceu%2C%20me%20manda%20o%20comprovante%20mesmo%20assim%20que%20eu%20acerto%20aqui%20%E2%80%94%20pode%20ter%20passado%20batido.%0A%0AQualquer%20coisa%2C%20chama%20o%20Gabriel%20Dias%3A%20https%3A//wa.link/ld5syp%0AEquipe%20LAAUSP,"Oi, Diogo! Tudo bem?

Passando pra fechar a pendência do seu *Corta-vento G26*: o pagamento ficou como *Pix em 2x* e a *2ª parcela ainda está em aberto* por aqui.

🔑 Chave Pix: *a definir*
💰 Valor total do pedido: R$ 185,00
📅 Prazo: até *sexta-feira*

Assim que pagar, manda o comprovante nesta conversa que eu dou baixa na hora ✅

Se você já pagou e a baixa não apareceu, me manda o comprovante mesmo assim que eu acerto aqui — pode ter passado batido.

Qualquer coisa, chama o Gabriel Dias: https://wa.link/ld5syp
Equipe LAAUSP",
Rodrigo Caldeira,5511914937597,https://wa.me/5511914937597?text=Oi%2C%20Rodrigo%21%20Tudo%20bem%3F%0A%0APassando%20pra%20fechar%20a%20pend%C3%AAncia%20do%20seu%20%2ACorta-vento%20G26%2A%3A%20o%20pagamento%20ficou%20como%20%2APix%20em%202x%2A%20e%20a%20%2A2%C2%AA%20parcela%20ainda%20est%C3%A1%20em%20aberto%2A%20por%20aqui.%0A%0A%F0%9F%94%91%20Chave%20Pix%3A%20%2Aa%20definir%2A%0A%F0%9F%92%B0%20Valor%20total%20do%20pedido%3A%20R%24%20185%2C00%0A%F0%9F%93%85%20Prazo%3A%20at%C3%A9%20%2Asexta-feira%2A%0A%0AAssim%20que%20pagar%2C%20manda%20o%20comprovante%20nesta%20conversa%20que%20eu%20dou%20baixa%20na%20hora%20%E2%9C%85%0A%0ASe%20voc%C3%AA%20j%C3%A1%20pagou%20e%20a%20baixa%20n%C3%A3o%20apareceu%2C%20me%20manda%20o%20comprovante%20mesmo%20assim%20que%20eu%20acerto%20aqui%20%E2%80%94%20pode%20ter%20passado%20batido.%0A%0AQualquer%20coisa%2C%20chama%20o%20Gabriel%20Dias%3A%20https%3A//wa.link/ld5syp%0AEquipe%20LAAUSP,"Oi, Rodrigo! Tudo bem?

Passando pra fechar a pendência do seu *Corta-vento G26*: o pagamento ficou como *Pix em 2x* e a *2ª parcela ainda está em aberto* por aqui.

🔑 Chave Pix: *a definir*
💰 Valor total do pedido: R$ 185,00
📅 Prazo: até *sexta-feira*

Assim que pagar, manda o comprovante nesta conversa que eu dou baixa na hora ✅

Se você já pagou e a baixa não apareceu, me manda o comprovante mesmo assim que eu acerto aqui — pode ter passado batido.

Qualquer coisa, chama o Gabriel Dias: https://wa.link/ld5syp
Equipe LAAUSP",
Ana Clara Mendes Franco,5511977212112,https://wa.me/5511977212112?text=Oi%2C%20Ana%21%20Tudo%20bem%3F%0A%0APassando%20pra%20fechar%20a%20pend%C3%AAncia%20do%20seu%20%2ACorta-vento%20G26%2A%3A%20o%20pagamento%20ficou%20como%20%2APix%20em%202x%2A%20e%20a%20%2A2%C2%AA%20parcela%20ainda%20est%C3%A1%20em%20aberto%2A%20por%20aqui.%0A%0A%F0%9F%94%91%20Chave%20Pix%3A%20%2Aa%20definir%2A%0A%F0%9F%92%B0%20Valor%20total%20do%20pedido%3A%20R%24%20170%2C00%0A%F0%9F%93%85%20Prazo%3A%20at%C3%A9%20%2Asexta-feira%2A%0A%0AAssim%20que%20pagar%2C%20manda%20o%20comprovante%20nesta%20conversa%20que%20eu%20dou%20baixa%20na%20hora%20%E2%9C%85%0A%0ASe%20voc%C3%AA%20j%C3%A1%20pagou%20e%20a%20baixa%20n%C3%A3o%20apareceu%2C%20me%20manda%20o%20comprovante%20mesmo%20assim%20que%20eu%20acerto%20aqui%20%E2%80%94%20pode%20ter%20passado%20batido.%0A%0AQualquer%20coisa%2C%20chama%20o%20Gabriel%20Dias%3A%20https%3A//wa.link/ld5syp%0AEquipe%20LAAUSP,"Oi, Ana! Tudo bem?

Passando pra fechar a pendência do seu *Corta-vento G26*: o pagamento ficou como *Pix em 2x* e a *2ª parcela ainda está em aberto* por aqui.

🔑 Chave Pix: *a definir*
💰 Valor total do pedido: R$ 170,00
📅 Prazo: até *sexta-feira*

Assim que pagar, manda o comprovante nesta conversa que eu dou baixa na hora ✅

Se você já pagou e a baixa não apareceu, me manda o comprovante mesmo assim que eu acerto aqui — pode ter passado batido.

Qualquer coisa, chama o Gabriel Dias: https://wa.link/ld5syp
Equipe LAAUSP",
THIAGO PADIN,5511963209532,https://wa.me/5511963209532?text=Oi%2C%20Thiago%21%20Tudo%20bem%3F%0A%0APassando%20pra%20fechar%20a%20pend%C3%AAncia%20do%20seu%20%2ACorta-vento%20G26%2A%3A%20o%20pagamento%20ficou%20como%20%2APix%20em%202x%2A%20e%20a%20%2A2%C2%AA%20parcela%20ainda%20est%C3%A1%20em%20aberto%2A%20por%20aqui.%0A%0A%F0%9F%94%91%20Chave%20Pix%3A%20%2Aa%20definir%2A%0A%F0%9F%92%B0%20Valor%20total%20do%20pedido%3A%20R%24%20185%2C00%0A%F0%9F%93%85%20Prazo%3A%20at%C3%A9%20%2Asexta-feira%2A%0A%0AAssim%20que%20pagar%2C%20manda%20o%20comprovante%20nesta%20conversa%20que%20eu%20dou%20baixa%20na%20hora%20%E2%9C%85%0A%0ASe%20voc%C3%AA%20j%C3%A1%20pagou%20e%20a%20baixa%20n%C3%A3o%20apareceu%2C%20me%20manda%20o%20comprovante%20mesmo%20assim%20que%20eu%20acerto%20aqui%20%E2%80%94%20pode%20ter%20passado%20batido.%0A%0AQualquer%20coisa%2C%20chama%20o%20Gabriel%20Dias%3A%20https%3A//wa.link/ld5syp%0AEquipe%20LAAUSP,"Oi, Thiago! Tudo bem?

Passando pra fechar a pendência do seu *Corta-vento G26*: o pagamento ficou como *Pix em 2x* e a *2ª parcela ainda está em aberto* por aqui.

🔑 Chave Pix: *a definir*
💰 Valor total do pedido: R$ 185,00
📅 Prazo: até *sexta-feira*

Assim que pagar, manda o comprovante nesta conversa que eu dou baixa na hora ✅

Se você já pagou e a baixa não apareceu, me manda o comprovante mesmo assim que eu acerto aqui — pode ter passado batido.

Qualquer coisa, chama o Gabriel Dias: https://wa.link/ld5syp
Equipe LAAUSP",
Joao Victor Hipolito dos Santos,5511940792314,https://wa.me/5511940792314?text=Oi%2C%20Joao%21%20Tudo%20bem%3F%0A%0APassando%20pra%20fechar%20a%20pend%C3%AAncia%20do%20seu%20%2ACorta-vento%20G26%2A%3A%20o%20pagamento%20ficou%20como%20%2APix%20em%202x%2A%20e%20a%20%2A2%C2%AA%20parcela%20ainda%20est%C3%A1%20em%20aberto%2A%20por%20aqui.%0A%0A%F0%9F%94%91%20Chave%20Pix%3A%20%2Aa%20definir%2A%0A%F0%9F%92%B0%20Valor%20total%20do%20pedido%3A%20R%24%20185%2C00%0A%F0%9F%93%85%20Prazo%3A%20at%C3%A9%20%2Asexta-feira%2A%0A%0AAssim%20que%20pagar%2C%20manda%20o%20comprovante%20nesta%20conversa%20que%20eu%20dou%20baixa%20na%20hora%20%E2%9C%85%0A%0ASe%20voc%C3%AA%20j%C3%A1%20pagou%20e%20a%20baixa%20n%C3%A3o%20apareceu%2C%20me%20manda%20o%20comprovante%20mesmo%20assim%20que%20eu%20acerto%20aqui%20%E2%80%94%20pode%20ter%20passado%20batido.%0A%0AQualquer%20coisa%2C%20chama%20o%20Gabriel%20Dias%3A%20https%3A//wa.link/ld5syp%0AEquipe%20LAAUSP,"Oi, Joao! Tudo bem?

Passando pra fechar a pendência do seu *Corta-vento G26*: o pagamento ficou como *Pix em 2x* e a *2ª parcela ainda está em aberto* por aqui.

🔑 Chave Pix: *a definir*
💰 Valor total do pedido: R$ 185,00
📅 Prazo: até *sexta-feira*

Assim que pagar, manda o comprovante nesta conversa que eu dou baixa na hora ✅

Se você já pagou e a baixa não apareceu, me manda o comprovante mesmo assim que eu acerto aqui — pode ter passado batido.

Qualquer coisa, chama o Gabriel Dias: https://wa.link/ld5syp
Equipe LAAUSP",
Rafael Dias Gonçalves dos Santos,5511988265600,https://wa.me/5511988265600?text=Oi%2C%20Rafael%21%20Tudo%20bem%3F%0A%0APassando%20pra%20fechar%20a%20pend%C3%AAncia%20do%20seu%20%2ACorta-vento%20G26%2A%3A%20o%20pagamento%20ficou%20como%20%2APix%20em%202x%2A%20e%20a%20%2A2%C2%AA%20parcela%20ainda%20est%C3%A1%20em%20aberto%2A%20por%20aqui.%0A%0A%F0%9F%94%91%20Chave%20Pix%3A%20%2Aa%20definir%2A%0A%F0%9F%92%B0%20Valor%20total%20do%20pedido%3A%20R%24%20185%2C00%0A%F0%9F%93%85%20Prazo%3A%20at%C3%A9%20%2Asexta-feira%2A%0A%0AAssim%20que%20pagar%2C%20manda%20o%20comprovante%20nesta%20conversa%20que%20eu%20dou%20baixa%20na%20hora%20%E2%9C%85%0A%0ASe%20voc%C3%AA%20j%C3%A1%20pagou%20e%20a%20baixa%20n%C3%A3o%20apareceu%2C%20me%20manda%20o%20comprovante%20mesmo%20assim%20que%20eu%20acerto%20aqui%20%E2%80%94%20pode%20ter%20passado%20batido.%0A%0AQualquer%20coisa%2C%20chama%20o%20Gabriel%20Dias%3A%20https%3A//wa.link/ld5syp%0AEquipe%20LAAUSP,"Oi, Rafael! Tudo bem?

Passando pra fechar a pendência do seu *Corta-vento G26*: o pagamento ficou como *Pix em 2x* e a *2ª parcela ainda está em aberto* por aqui.

🔑 Chave Pix: *a definir*
💰 Valor total do pedido: R$ 185,00
📅 Prazo: até *sexta-feira*

Assim que pagar, manda o comprovante nesta conversa que eu dou baixa na hora ✅

Se você já pagou e a baixa não apareceu, me manda o comprovante mesmo assim que eu acerto aqui — pode ter passado batido.

Qualquer coisa, chama o Gabriel Dias: https://wa.link/ld5syp
Equipe LAAUSP",
Júlia Carneiro,5511946704575,https://wa.me/5511946704575?text=Oi%2C%20J%C3%BAlia%21%20Tudo%20bem%3F%0A%0APassando%20pra%20fechar%20a%20pend%C3%AAncia%20do%20seu%20%2ACorta-vento%20G26%2A%3A%20o%20pagamento%20ficou%20como%20%2APix%20em%202x%2A%20e%20a%20%2A2%C2%AA%20parcela%20ainda%20est%C3%A1%20em%20aberto%2A%20por%20aqui.%0A%0A%F0%9F%94%91%20Chave%20Pix%3A%20%2Aa%20definir%2A%0A%F0%9F%92%B0%20Valor%20total%20do%20pedido%3A%20R%24%20170%2C00%0A%F0%9F%93%85%20Prazo%3A%20at%C3%A9%20%2Asexta-feira%2A%0A%0AAssim%20que%20pagar%2C%20manda%20o%20comprovante%20nesta%20conversa%20que%20eu%20dou%20baixa%20na%20hora%20%E2%9C%85%0A%0ASe%20voc%C3%AA%20j%C3%A1%20pagou%20e%20a%20baixa%20n%C3%A3o%20apareceu%2C%20me%20manda%20o%20comprovante%20mesmo%20assim%20que%20eu%20acerto%20aqui%20%E2%80%94%20pode%20ter%20passado%20batido.%0A%0AQualquer%20coisa%2C%20chama%20o%20Gabriel%20Dias%3A%20https%3A//wa.link/ld5syp%0AEquipe%20LAAUSP,"Oi, Júlia! Tudo bem?

Passando pra fechar a pendência do seu *Corta-vento G26*: o pagamento ficou como *Pix em 2x* e a *2ª parcela ainda está em aberto* por aqui.

🔑 Chave Pix: *a definir*
💰 Valor total do pedido: R$ 170,00
📅 Prazo: até *sexta-feira*

Assim que pagar, manda o comprovante nesta conversa que eu dou baixa na hora ✅

Se você já pagou e a baixa não apareceu, me manda o comprovante mesmo assim que eu acerto aqui — pode ter passado batido.

Qualquer coisa, chama o Gabriel Dias: https://wa.link/ld5syp
Equipe LAAUSP",
